#Data_structure:,,,,,,,
Sr,a,Ox,bg1,T,P,Tig,sigma
ign_pentanol_phi_1,0.005,0.0375,0.9575,6.74816492976892,1,229.460580912863,22.9460580912863
ign_pentanol_phi_1,0.005,0.0375,0.9575,6.83878568192116,1,320.331950207469,32.0331950207469
ign_pentanol_phi_1,0.005,0.0375,0.9575,7.15595831445401,1,558.091286307054,55.8091286307054
ign_pentanol_phi_1,0.005,0.0375,0.9575,7.20851835070231,1,533.195020746888,53.3195020746888
ign_pentanol_phi_1,0.005,0.0375,0.9575,7.27920253738106,1,600.414937759336,60.0414937759336
ign_pentanol_phi_1,0.005,0.0375,0.9575,7.34082464884459,1,652.697095435685,65.2697095435685
ign_pentanol_phi_1,0.005,0.0375,0.9575,7.80299048482102,1,963.900414937759,96.3900414937759
ign_pentanol_phi_1,0.005,0.0375,0.9575,7.88454916175804,1,1034.85477178423,103.485477178423
