time(s),volume(cm3)
0.0,547.669375
0.001,546.608789894
0.002,543.427034574
0.003,538.124109043
0.004,530.700013298
0.005,521.15474734
0.006,509.48831117
0.007,495.700704787
0.008,479.791928191
0.009,461.761981383
0.01,441.610864362
0.011,420.399162234
0.012,399.187460106
0.013,377.975757979
0.014,356.764055851
0.015,335.552353723
0.016,314.340651596
0.017,293.128949468
0.018,271.91724734
0.019,250.705545213
0.02,229.493843085
0.021,208.282140957
0.022,187.07043883
0.023,165.858736702
0.024,144.647034574
0.025,123.435332447
0.026,102.223630319
0.027,81.0119281915
0.028,63.3355097518
0.029,52.7296586879
0.03,49.194375
0.031,49.7137623933
0.032,50.2063762048
0.033,50.6454851923
0.034,51.0218564529
0.035,51.3374097598
0.036,51.6004693977
0.037,51.8223244382
0.038,52.0148449242
0.039,52.1889350372
0.04,52.3536351113
0.041,52.5157124459
0.042,52.679606373
0.043,52.847616061
0.044,53.0202402028
0.045,53.1965961563
0.046,53.3748623839
0.047,53.5527022996
0.048,53.7276399831
0.049,53.8973687732
0.05,54.0599826225
0.051,54.2141273988
0.052,54.3590751578
0.053,54.4947289126
0.054,54.6215686913
0.055,54.7405518236
0.056,54.8529815402
0.057,54.960358219
0.058,55.0642270863
0.059,55.1660349836
0.06,55.2670070646
0.061,55.3680520985
0.062,55.4697025392
0.063,55.5720927915
0.064,55.6749762728
0.065,55.7777790517
0.066,55.8796851466
0.067,55.9797461155
0.068,56.0770054561
0.069,56.1706266985
0.07,56.2600130036
0.071,56.3449057053
0.072,56.4254496625
0.073,56.5022146282
0.074,56.576164215
0.075,56.6485675508
0.076,56.7208534842
0.077,56.7944133373
0.078,56.8703658198
0.079,56.9493069272
0.08,57.0310785669
0.081,57.1146023893
0.082,57.1978399741
0.083,57.2779572372
0.084,57.3517897984
0.085,57.416727196
0.086,57.4721573687
0.087,57.521638852
0.088,57.5759967785
0.089,57.6575701358
0.09,57.8058719368
0.091,58.0849611077
0.092,58.5928651155
0.093,59.4734357453
0.094,60.9310671165
0.095,63.2487551103
0.096,66.8100309742
