#1000/T,Tig (us),T
1.12368,67.34514,889.933077032607
1.19814,160.02076,834.62700519138
1.29099,441.58224,774.599338492165
1.38964,1071.9201,719.610834460724
