T(k)	f_exp	Value
2160.0	63.000000000000014	70.61130604980112
