T(k)	f_exp	Value
1051.0	231.00000000000017	365.91685064869307
