T(k)	f_exp	Value
1312.0	49.999999999999986	74.45906096732708
