T(k)	f_exp	Value
1107.0	3969.9999999999955	4589.290382342
1131.0	2500.0	2603.0068158243116
1159.0	1349.9999999999995	1372.3522213580864
1180.0	884.0	849.2211242791769
