T(k)	f_exp	Value
1007.0	6076.000000000005	7493.756240606808
1249.0	19.0	28.757738160481416
