T(k)	f_exp	Value
295.0	204.9	200.7071785056025
295.0	115.2	127.68014552925506
295.0	53.8	41.750234638742654
