T(k)	f_exp	Value
295.0	244.4	239.5743532119191
295.0	154.2	172.9241034080541
295.0	95.5	71.64332220397718
295.0	54.7	50.878763701830614
295.0	39.4	40.656671678069465
