"T(K)","tau(ms)",
1184.954865,0.03724,37.24
1126.67043,0.09343,93.43
1067.739531,0.28629,286.29
1024.16308,0.55954,559.54
989.937287,0.90678,906.78
