"T(K)","tau(ms)",
1354.224503,4E-05,0.04
1269.207875,0.00011,0.11
1167.806835,0.00031,0.31
1078.039262,0.00084,0.84
1051.461689,0.00103,1.03
