"T(K)","tau(ms)",
1168.607919,0.04598,45.98
1132.545157,0.07703,77.03
1072.605756,0.15442,154.42
1020.443566,0.4921,492.1
967.198432,1.39966,1399.66
