#1000/T,Tig(us),T
1.16978,111.27657,854.861597907299
1.27519,368.23519,784.196864780935
1.36132,908.31536,734.581141832927
