T(k)	f_exp	Value
762.34	47989.99999999995	59494.456334454866
794.22	58972.000000000015	51942.264547144725
806.6	54024.0	57851.6824571062
820.07	52008.0	49739.108075354794
