#1000/T,Tig (us),T
1.21243,192.92248,824.789884776853
1.2834,382.26681,779.180302321957
1.38088,1706.15531,724.175887839639
